{
  "name": "reduxApp",
  "version": "1.0.0",
  "description": "",
  "main": "index.js",
  "scripts": {
    "test": "echo \"Error: no test specified\" && exit 1"
  },
  "keywords": [],
  "author": "",
  "license": "ISC",
  "devDependencies": {
    "babel-eslint": "^7.2.3",
    "compression": "^1.7.0",
    "compression-webpack-plugin": "^1.0.0",
    "eslint": "^4.5.0",
    "eslint-plugin-react": "^7.3.0",
    "redux-logger": "^3.0.6",
    "source-map-loader": "^0.2.1",
    "webpack": "^3.5.5"
  },
  "dependencies": {
    "babel-core": "^6.26.0",
    "babel-loader": "^7.1.2",
    "babel-preset-es2015": "^6.24.1",
    "babel-preset-react": "^6.24.1",
    "babel-preset-stage-2": "^6.24.1",
    "express": "^4.15.4",
    "react": "^15.6.1",
    "react-bootstrap": "^0.31.2",
    "react-dom": "^15.6.1",
    "react-redux": "^5.0.6",
    "react-router": "^4.2.0",
    "react-router-dom": "^4.2.2",
    "redux": "^3.7.2"
  }
}
